sample-id	forward-absolute-filepath	reverse-absolute-filepath
ERR5322646	$PWD/fastq/ERR5322646_1.fastq.gz	$PWD/fastq/ERR5322646_2.fastq.gz
ERR5322322	$PWD/fastq/ERR5322322_1.fastq.gz	$PWD/fastq/ERR5322322_2.fastq.gz
ERR5322661	$PWD/fastq/ERR5322661_1.fastq.gz	$PWD/fastq/ERR5322661_2.fastq.gz
ERR5322023	$PWD/fastq/ERR5322023_1.fastq.gz	$PWD/fastq/ERR5322023_2.fastq.gz
ERR5322250	$PWD/fastq/ERR5322250_1.fastq.gz	$PWD/fastq/ERR5322250_2.fastq.gz
ERR5322323	$PWD/fastq/ERR5322323_1.fastq.gz	$PWD/fastq/ERR5322323_2.fastq.gz

